codigo,producto_id,nombre_bm,cantidad,importe,unidad_pdf,coste_unitario,proveedor,lotes
C00000001,b01,CROISSANT MINI CHOCOLATE CREMOSO 198UD 31G,990.0,329.48,UD,0.332808,DISTRIBUCIONES VIERA SL,1
C00000009,p04,PANECILLO S/GLUTEN BETINA 55GRS 45 UND,24.0,40.94,UD,1.705833,COMERCIAL GUADALUPE,1
C00000011,p05,PAN GALLEGO BARRA 280GR 20 UND,267.0,363.44,UD,1.361199,DISTRIBUCIONES VIERA SL,1
C00000012,p06,PAN PIPAS CALABAZA 750GRS 12UDN,1.0,0.79,UD,0.79,PROVEEDORES VARIOS,1
C00000013,p07,SMOOTHIE B6 PITA-MANG-FRESA,60.0,66.0,UD,1.1,DISTRIBUCIONES VIERA SL,1
C00000014,p08,SURTIDO DE REPOSTERIA,1080.0,725.58,KG,0.671833,COMERCIAL GUADALUPE,1
C00000020,p09,MOLDE COMUN S/C 800GRS,71.0,199.57,UD,2.810845,PANIFICADORA SAN ANTONIO DE,29
C00000024,p11,MOLDE INTEGRAL S/C 1000 GRS,39.0,114.1,UD,2.925641,PANIFICADORA SAN ANTONIO DE,10
C00000025,p12,"PAPA BRAVA EUROFRIT 4X2,5",8.0,44.76,KG,5.595,DISTRIBUCIONES VIERA SL,2
C00000026,p13,MANTEQUILLA EN PORCIONES 200UDS 8G,3576.0,946.41,UD,0.264656,MILO CANARIAS ALIMENTACION,1
C00000028,p14,"BACON SELECTED PREMIUM 4-2,27KG",72.64,479.68,KG,6.603524,DISTRIBUCIONES TIERNEY SL,1
C00000031,b02,SMOOTHIES VIERA B7 COLADA,40.0,44.4,UD,1.11,DISTRIBUCIONES VIERA SL,3
C00000033,p17,CUBITON,164.0,190.68,UD,1.162683,ALCRUZ CANARIAS S.L.,6
C00000034,p18,ARTIS MINI TOSCANA CENTENO 200UD 40GR,600.0,186.0,UD,0.31,DISTRIBUCIONES VIERA SL,1
C00000037,p20,"SALCHICHA INGLESA 4,54KG",880.0,173.25,KG,0.196875,DISTRIBUCIONES TIERNEY SL,1
C00000044,p24,NACHOS 12*500GRS CJ,12.0,38.64,UD,3.22,COMESA LANZAROTE SLU,1
C00000045,p25,"MANGO CUBOS 4*2,5KG",40.0,150.4,KG,3.76,ALCRUZ CANARIAS S.L.,1
C00000047,p26,MINI PANBAO 8B*45UND 700GRS,24.0,122.1,UD,5.0875,PROVEEDORES VARIOS,4
C00000049,p28,PAN PERRITO,27.0,7.3,UD,0.27037,PANIFICADORA SAN ANTONIO DE,0
C00000050,p29,PAPA HASH BROWN FARM FRITES,30.0,170.69,KG,5.689667,DISTRIBUCIONES VIERA SL,1
C00000053,p30,BROWNIE NUECES,4.0,106.96,UD,26.74,DISTRIBUCIONES VIERA SL,1
C00000056,p31,PECHUGA POLLO B/2 KG,30.7,134.73,KG,4.388599,CANARY MEAT AND FISH S.A.,3
C00000057,p32,SALMON AHUMADO PRECORT 3%,7.42,153.97,KG,20.750674,CANARY MEAT AND FISH S.A.,2
C00000058,p33,CHORIZO IBERICO CULAR BELL CARRASCO,5.374,153.02,KG,28.474135,PROVEEDORES VARIOS,1
C00000059,p34,SALCHICHON IBERICO CULAR BELL CARRASCO,5.955,103.41,KG,17.365239,ROPER  FRIMANCHA CANARIAS,1
C00000061,p36,LANGOSTINOS Nº 2 SALVAJE,8.0,30.0,KG,3.75,CANARY MEAT AND FISH S.A.,1
C00000062,p37,QUESO CANARIO SEMICURADO AL GOFIO,8.63,70.89,KG,8.214368,QUESO FLOR VALSEQUILLO,38
C00000064,p38,QUESO FRESCO VALSEQUILLO,18.792,141.67,KG,7.538846,QUESO FLOR VALSEQUILLO,22
C00000065,p39,DORADA 400/600 KG,20.364,195.81,KG,9.615498,PROVEEDORES VARIOS,1
C00000067,p40,GOFRE BELGA 24UN,100.0,90.0,UD,0.9,DISTRIBUCIONES VIERA SL,1
C00000068,p41,SALSA SETAS,3.0,4.59,UD,1.53,PROVEEDORES VARIOS,0
C00000069,p42,PASTRAMI PIEZA,30.0,58.05,UD,1.935,SMOKEHOUSE CANARIAS SLU,1
C0000007,p43,MAYONESA BOCA ABAJO,4.0,12.81,UD,3.2025,COMESA LANZAROTE SLU,1
C00000070,p44,QUESO CHEDAR NARANJA,6.2,43.04,KG,6.941935,QUESO FLOR VALSEQUILLO,8
C00000071,p45,QUESO GRANA PADANO,7.0,27.41,KG,3.915714,MERCADONA SA,1
C00000072,p46,HUEVO LIQUIDO REFRIGERADO GR5L,176.0,700.44,LT,3.979773,QUESO FLOR VALSEQUILLO,1
C00000079,p47,QUESO SEMICURADO AHUMADO,6.0,50.63,KG,8.438333,QUESO FLOR VALSEQUILLO,0
C00000080,p48,HUEVO CASCARA,3530.0,1083.9,UD,0.307054,HORTOFRUTICOLA ALTAVISTA,57
C00000082,b04,QUESO KRONOS CANARIO SEMICURADO AL PIMENTON,1.06,8.75,KG,8.254717,QUESO FLOR VALSEQUILLO,38
C00000083,p49,QUESO RULO DE CABRA 1KG,24.0,62.2,KG,2.591667,MERCADONA SA,1
C00000086,p50,G.A.T,1.0,3.0,UD,3.0,FRONERI IBERIA SLU,1
C00000087,p51,TOMATE ENSALADA,65.4,186.12,KG,2.845872,HORTOFRUTICOLA ALTAVISTA,32
C00000088,p52,TOMATE CHERRY ENSALADA,35.1,159.89,KG,4.555271,HORTOFRUTICOLA ALTAVISTA,1
C00000091,p54,ZANAHORIA,12.9,20.07,KG,1.555814,HORTOFRUTICOLA ALTAVISTA,1
C00000092,p55,PEPINO,4.6,8.67,KG,1.884783,HORTOFRUTICOLA ALTAVISTA,1
C00000093,p56,PIMIENTO ROJO,10.08,31.47,KG,3.122024,HORTOFRUTICOLA ALTAVISTA,1
C00000094,p57,PIMIENTO VERDE,9.56,25.24,KG,2.640167,HORTOFRUTICOLA ALTAVISTA,1
C00000095,b05,AGUACATE HASS,13.5,61.12,KG,4.527407,HORTOFRUTICOLA ALTAVISTA,1
C00000096,p58,CEBOLLA ROJA,9.8,17.28,KG,1.763265,HORTOFRUTICOLA ALTAVISTA,1
C00000097,p59,CEBOLLA,16.7,29.33,KG,1.756287,HORTOFRUTICOLA ALTAVISTA,1
C00000099,p60,LECHUGA LOLLO ROSA,39.0,50.85,UD,1.303846,HORTOFRUTICOLA ALTAVISTA,1
C00000100,p61,LECHUGA HOJA DE ROBLE,41.0,52.89,UD,1.29,HORTOFRUTICOLA ALTAVISTA,1
C00000102,p62,FIAMBRE CARNE DE CERDO TULIP,2.0,7.1,UD,3.55,PROVEEDORES VARIOS,0
C00000104,p63,AJO MORADO,1.0,4.32,KG,4.32,HORTOFRUTICOLA ALTAVISTA,1
C00000105,p64,PEREJIL,13.0,7.7,UD,0.592308,HORTOFRUTICOLA ALTAVISTA,1
C00000107,p66,PLATANO,35.6,54.3,UD,1.525281,HORTOFRUTICOLA ALTAVISTA,35
C00000110,b06,NARANJA ZUMO,1936.0,2951.75,KG,1.524664,HORTOFRUTICOLA ALTAVISTA,1
C00000111,p67,LIMA,18.4,75.15,KG,4.084239,HORTOFRUTICOLA ALTAVISTA,18
C00000112,p68,PIÑA TROPICAL,55.3,406.13,KG,7.344123,HORTOFRUTICOLA ALTAVISTA,28
C00000113,p69,MELON VERDE,63.3,236.64,KG,3.738389,HORTOFRUTICOLA ALTAVISTA,1
C00000114,p70,PAPAYA,51.8,139.7,KG,2.696911,HORTOFRUTICOLA ALTAVISTA,1
C00000115,p71,KIWI,69.65,213.36,KG,3.063317,HORTOFRUTICOLA ALTAVISTA,1
C00000116,p72,LIMON,21.15,54.71,KG,2.586761,HORTOFRUTICOLA ALTAVISTA,1
C00000117,p73,CILANTRO,13.0,9.15,UD,0.703846,HORTOFRUTICOLA ALTAVISTA,1
C00000118,p74,LECHUGA BATAVIA,6.0,7.5,UD,1.25,HORTOFRUTICOLA ALTAVISTA,0
C00000119,p75,HIERBA HUERTO,18.0,13.65,UD,0.758333,HORTOFRUTICOLA ALTAVISTA,1
C00000120,p76,UVA NEGRA,16.3,68.36,KG,4.193865,HORTOFRUTICOLA ALTAVISTA,1
C00000122,p77,RABANITO,3.0,3.3,UD,1.1,HORTOFRUTICOLA ALTAVISTA,1
C00000123,p78,MANZANA GOLDEN,14.6,26.87,KG,1.840411,HORTOFRUTICOLA ALTAVISTA,1
C00000125,p80,PERA CONFERENCE,11.8,21.97,KG,1.861864,HORTOFRUTICOLA ALTAVISTA,1
C00000126,p81,TAJASTE ROSCA,15.0,23.15,UD,1.543333,PROVEEDORES VARIOS,1
C00000128,p83,SANDIA BLANCA,87.69,264.68,KG,3.01836,HORTOFRUTICOLA ALTAVISTA,1
C00000131,p86,HELADO VAINILLA 5L,2.0,22.94,UD,11.47,FRONERI IBERIA SLU,1
C00000132,b07,HELADO CHOCOLATE 5L,1.0,23.37,UD,23.37,FRONERI IBERIA SLU,1
C00000135,p87,PANKO / PAN RALLADO 1KG,2.0,9.9,UD,4.95,PROVEEDORES VARIOS,1
C00000141,p89,MORTADELA PIEZA,6.0,21.6,KG,3.6,MERCADONA SA,31
C00000142,p90,AZUCAR EN SOBRES C/10KG,1700.0,18.87,KG,0.0111,COMESA LANZAROTE SLU,1
C00000143,p91,EDULCORANTE SOBRES 200UND,800.0,13.36,UD,0.0167,CAFE ORTEA SA,1
C00000144,p92,TE VERDE 200UND,15.0,0.52,UD,0.034667,COMESA LANZAROTE SLU,1
C00000146,p94,TE ROJO 200 UND,200.0,7.99,UD,0.03995,CAFE ORTEA SA,1
C00000149,p96,KETCHUP GOURMET 12G 200 UND,500.0,28.92,UD,0.05784,COMESA LANZAROTE SLU,1
C00000150,p97,MAYONESA GOURMET 15ML 200 UND,300.0,19.43,UD,0.064767,COMESA LANZAROTE SLU,1
C00000152,p99,POMELO,55.3,96.83,KG,1.750995,HORTOFRUTICOLA ALTAVISTA,1
C00000153,p100,SEMILLAS DE CHIA 250GRS,16.0,26.48,KG,1.655,MERCADONA SA,1
C00000157,p101,POLLO EMPANADO,16.0,78.4,KG,4.9,MERCADONA SA,1
C00000159,p102,JAMON COCIDO EXTRA,30.4,218.53,KG,7.188487,ARGAL ALIMENTACION SA,27
C00000165,p103,PIÑA EN SU JUGO,40.0,76.0,UD,1.9,MERCADONA SA,1
C00000172,p105,FRESA CONGELADA,40.0,106.4,KG,2.66,ALCRUZ CANARIAS S.L.,1
C00000239,p109,ARROZ BASMATI 1KG,3.0,9.45,UD,3.15,COMESA LANZAROTE SLU,1
C00000240,p111,CARNE PICADA PERSONAL,11.0,90.3,KG,8.209091,MERCADONA SA,0
C00000241,p112,ESPAGUETI 5KG,7.0,6.8,UD,0.971429,MERCADONA SA,1
C00000242,p113,CALDO SOLUBLE COCIDO/VERDURA,2.0,1.8,UD,0.9,MERCADONA SA,0
C00000243,p114,ARROZ BOMBA EXTRA 1KG,2.0,11.76,UD,5.88,COMESA LANZAROTE SLU,1
C00000244,p115,CORN FLAKES 1KG,2.0,6.96,UD,3.48,COMESA LANZAROTE SLU,1
C00000245,p116,MUESLI CON 5 FRUTAS 1KG,66.0,188.18,UD,2.851212,COMESA LANZAROTE SLU,1
C00000247,p117,CHAMPIÑON LAMINADO 3KG,62.0,330.51,UD,5.330806,COMESA LANZAROTE SLU,17
C00000248,p118,SAL MARINA FINA 1KG,4.0,2.04,UD,0.51,COMESA LANZAROTE SLU,1
C00000254,p122,MELOCOTON EN SU JUGO,36.0,71.0,UD,1.972222,MERCADONA SA,1
C00000258,p123,MARGARINA 192X10GRS,576.0,26.13,UD,0.045365,COMESA LANZAROTE SLU,1
C00000259,p124,NATA CREME DECOR SPRAY 500ML,7.0,13.64,UD,1.948571,MERCADONA SA,1
C00000261,p125,NECTAR PIÑA,96.0,130.56,UD,1.36,COMESA LANZAROTE SLU,1
C00000262,p126,MIEL DE FLORES 1KG,6.0,63.69,UD,10.615,COMESA LANZAROTE SLU,3
C00000263,p127,LECHE ENTERA BRIK 1L,506.0,493.33,UD,0.97496,PROVEEDORES VARIOS,1
C00000266,p128,LECHE SEMIDESNATADA BRIK 1L,180.0,158.76,UD,0.882,PROVEEDORES VARIOS,1
C00000268,p130,TE NEGRO 100% NATURAL,1520.0,65.31,UD,0.042967,DISTRIBUCIONES TIERNEY SL,1
C00000269,p131,CAFE DESCAFEINADO 100X2GR,100.0,10.08,UD,0.1008,COMESA LANZAROTE SLU,1
C00000273,b11,"SIROPE CHOCOLATE 1,2KG",1.0,6.14,UD,6.14,COMESA LANZAROTE SLU,1
C00000275,p134,AZUCAR MORENO SOBRES 7GRS,1400.0,21.9,UD,0.015643,EMICELA SA,1
C00000276,b12,VODKA SMIRNOFF RED 1L,8.0,71.2,UD,8.9,GRISALEÑA SL,1
C00000277,p135,TINTO FIGUERO 12 CRIANZA 2020,12.0,225.0,UD,18.75,BODEGA GAYDA SL,1
C00000279,b13,TEQUILA JALISCO DORADO 35º 70CL,5.0,52.5,UD,10.5,GRISALEÑA SL,1
C00000280,b14,LICOR TRIPLE SECO ORANGEAU,7.0,31.15,UD,4.45,GRISALEÑA SL,1
C00000282,p138,PUREE FRUTA PASION MONIN,1.0,17.78,UD,17.78,GRISALEÑA SL,1
C00000284,p140,CV ANNA C.BLANC DE BLANC B. 200ML,72.0,293.76,UD,4.08,GRISALEÑA SL,1
C00000286,p141,APEROL 11º 1L,12.0,161.4,UD,13.45,GRISALEÑA SL,1
C00000288,b16,LICOR MELOCOTON,2.0,8.8,UD,4.4,GRISALEÑA SL,1
C00000291,b18,LICOR MALIBU COCO 1L,21.0,261.45,UD,12.45,GRISALEÑA SL,1
C00000293,b20,BRANDY JEREZ RVA MAGNO 70CL,1.0,10.2,UD,10.2,GRISALEÑA SL,1
C00000296,p143,GORDONS DRY GIN,6.0,60.24,UD,10.04,GM LANZAROTE,1
C00000297,p144,MARTIN MILLERS 70CL,4.0,92.97,UD,23.2425,GM LANZAROTE,1
C00000298,p145,GIN NORDES 70CL,2.0,37.06,UD,18.53,GM LANZAROTE,1
C00000305,p146,CHORIZO EXTRA,2.0,5.6,KG,2.8,MERCADONA SA,21
C00000310,p148,CUBITON PICADO,105.0,110.25,UD,1.05,ALCRUZ CANARIAS S.L.,1
C00000312,p149,BUEN LUGAR GOFIO DE MILLO,3.0,3.72,UD,1.24,PROVEEDORES VARIOS,0
C00000313,p150,HEINEKEN 1/3 NR LONG NECK,72.0,55.5,UD,0.770833,GERBELAN SL,2
C00000314,b26,GARRAFA AGUA 8L,314.0,582.82,KG,1.856115,GERBELAN SL,1
C00000316,p152,MANTEQUILLA 1KG CAJA 10KG,3.0,48.15,KG,16.05,ALCRUZ CANARIAS S.L.,1
C00000324,p156,CANELA MOLIDA 710GRS,1.0,4.31,UD,4.31,COMESA LANZAROTE SLU,0
C00000325,p157,COLORANTE NATURAL 700GRS,5.0,4.75,UD,0.95,MERCADONA SA,0
C00000328,p160,ACEITE GIRASOL 5L,2.0,18.94,UD,9.47,COMESA LANZAROTE SLU,2
C00000329,p161,ACEITE OLIVA SUAVE 5L,3.0,94.26,UD,31.42,COMESA LANZAROTE SLU,3
C00000330,p163,VINAGRE DE MANZANA 500ML,11.0,16.06,UD,1.46,COMESA LANZAROTE SLU,3
C00000334,p164,PASAS SULTANAS 5KG,9.0,58.32,KG,6.48,EMICELA SA,1
C00000339,b28,ZUMO NARANJA 1L BRIK,12.0,18.84,UD,1.57,COMESA LANZAROTE SLU,1
C00000340,b29,CRISPIES HINCHADOS CHOCOLATEADOS 1KG,3.0,12.09,UD,4.03,EMICELA SA,1
C00000345,p166,TARTA ZANAHORIA,3.0,59.73,UD,19.91,DISTRIBUCIONES VIERA SL,0
C00000347,p167,LOMO DE BACALAO C/P,5.0,99.75,KG,19.95,CANARY MEAT AND FISH S.A.,1
C00000348,p168,QUESO GOUDA BARRA,30.42,223.31,KG,7.340894,EUROP FOODS CANARIAS SLU,1
C00000350,p170,YONATUR NATURAL CUBO 10LTS,19.0,237.5,UD,12.5,QUESO FLOR VALSEQUILLO,1
C00000353,p172,NECTARINA,6.9,20.63,KG,2.989855,HORTOFRUTICOLA ALTAVISTA,0
C00000355,p173,TARTA DE QUESO,4.0,80.2,UD,20.05,DISTRIBUCIONES VIERA SL,1
C00000357,p174,PAPA ARRUGAR,28.4,62.75,KG,2.209507,HORTOFRUTICOLA ALTAVISTA,1
C00000359,p175,CALABACIN,6.3,13.16,KG,2.088889,HORTOFRUTICOLA ALTAVISTA,1
C00000360,p177,BERENJENA,4.5,7.27,KG,1.615556,HORTOFRUTICOLA ALTAVISTA,1
C00000365,p180,MANDARINAS,8.6,18.59,KG,2.161628,HORTOFRUTICOLA ALTAVISTA,0
C00000370,p184,PAPA DEL PAIS,10.6,14.84,KG,1.4,HORTOFRUTICOLA ALTAVISTA,1
C00000371,p185,ESPINACAS,30.0,70.5,UD,2.35,HORTOFRUTICOLA ALTAVISTA,9
C00000380,p187,ARTIS MINI ARLEQUIN 160UD 40GRS,800.0,240.0,UD,0.3,DISTRIBUCIONES VIERA SL,0
C00000415,p189,ESPARRAGOS TRIGUEROS,4.0,9.2,UD,2.3,MERCADONA SA,1
C00000471,p191,MINI TRENZA MPCAN 100UD 40GRS,300.0,173.55,UD,0.5785,DISTRIBUCIONES VIERA SL,1
C00000486,p194,HELADO DE FRESA 5L,1.0,20.05,KG,20.05,FRONERI IBERIA SLU,1
C00000490,b32,CERVEZA ESTRELLA GALICIA 20CL,312.0,154.04,UD,0.493718,GM LANZAROTE,8
C00000496,b34,"CERVEZA CORONA BOT 35,5CL",48.0,49.24,UD,1.025833,COMPAÑIA CERVECERA DE,1
C00000497,b35,CERVEZA DORADA ESPECIAL NEGRA 33CL,24.0,20.38,UD,0.849167,COMPAÑIA CERVECERA DE,1
C00000498,b36,"CERVEZA ESTRELLA GALICIA 0,0 25CL",48.0,25.17,UD,0.524375,GM LANZAROTE,1
C00000499,b37,CERVEZA ESTRELLA DAMM 25CL,168.0,87.92,UD,0.523333,GM LANZAROTE,1
C00000504,b38,RON AREHUCAS CARTA BLANCA 1L,16.0,161.6,UD,10.1,GRISALEÑA SL,1
C00000508,p199,BATIDA MANGAROCA COCO 70CL,20.0,192.0,UD,9.6,GRISALEÑA SL,1
C00000509,p200,MUESLI FRUTOS ROJOS S/G,1.0,2.25,UD,2.25,MERCADONA SA,0
C00000511,p201,NECTAR BRIK FRUTAS TROPICALES 1L,60.0,64.2,UD,1.07,COMESA LANZAROTE SLU,1
C00000514,p204,BANDAMA CUBANITOS 90GRS,2.0,1.76,UD,0.88,PROVEEDORES VARIOS,0
C00000515,p205,ARROZ GRANO LARGO 1KG,19.0,36.48,KG,1.92,COMESA LANZAROTE SLU,1
C00000518,p206,ACEITE OLIVA VIRGEN EXTRA 250ML,6.0,16.44,UD,2.74,COMESA LANZAROTE SLU,1
C00000519,p207,PAN RALLADO 500GRS,10.0,11.2,UD,1.12,COMESA LANZAROTE SLU,1
C00000520,p208,CREMA CACAO 60X15GRS NUTELLA,180.0,44.28,UD,0.246,COMESA LANZAROTE SLU,1
C00000521,p209,CREMA LECHE 240X7GRS,2184.0,130.99,UD,0.059977,COMESA LANZAROTE SLU,3
C00000522,p210,NATA ORIGINAL BRIK 1L,17.0,21.11,UD,1.241765,MERCADONA SA,1
C00000526,p214,HARINA TRIGO 1KG,10.0,9.89,KG,0.989,COMESA LANZAROTE SLU,1
C00000528,p215,SALSA BROWN HP 255GRS,16.0,39.36,UD,2.46,COMESA LANZAROTE SLU,1
C00000535,p222,AZUCAR BLANCA 1KG,1.0,1.42,KG,1.42,COMESA LANZAROTE SLU,1
C00000537,p224,SALSA COCKTAIL,10.0,15.0,UD,1.5,MERCADONA SA,0
C00000542,p228,TOMATE FRITO 500GRS,23.0,20.15,UD,0.876087,MERCADONA SA,1
C00000544,p229,LENTEJA LANZAROTE 1KG,10.0,24.6,KG,2.46,COMESA LANZAROTE SLU,1
C00000548,b40,MACARRON RAYADO 450GRS,7.0,6.8,UD,0.971429,MERCADONA SA,1
C00000551,p231,ATUN EN ACEITE GIRASOL,6.0,35.01,UD,5.835,COMESA LANZAROTE SLU,1
C00000555,b43,BEBIDA DE AVENA BRIK 1L,48.0,47.04,UD,0.98,PROVEEDORES VARIOS,1
C00000557,p234,MONTECILLO CRIANZA 75CL,24.0,101.52,UD,4.23,COFALANZ SL,1
C00000559,p236,MONTECILLO BLANCO 75CL,96.0,620.16,UD,6.46,COFALANZ SL,1
C00000560,p237,MONTECILLO ROSADO 75CL,117.0,542.85,UD,4.639744,COFALANZ SL,1
C00000577,p238,PROFITEROLES 2KG,8.0,46.9,UD,5.8625,DISTRIBUCIONES VIERA SL,1
C00000587,b48,TIRMA AMBROSIA CHOCOLATE - LECHE,2.0,11.63,UD,5.815,PROVEEDORES VARIOS,0
C00000593,b49,ZUMO MANZANA,38.0,60.8,UD,1.6,MERCADONA SA,1
C00000594,p240,CV ROGER DE FLOR BN,240.0,724.8,UD,3.02,GRISALEÑA SL,1
C00000597,p241,TANQUERAY LONDON GIN,22.0,260.7,UD,11.85,GRISALEÑA SL,1
C00000604,p245,JARABE DE AZUCAR SANZ 1L,5.0,32.42,UD,6.484,GRISALEÑA SL,1
C00000605,b53,BRANDY JEREZ SOLERA FELIPE II,4.0,24.4,UD,6.1,GRISALEÑA SL,1
C00000608,p246,CACHACA 1892 1L,5.0,35.0,UD,7.0,GRISALEÑA SL,1
C00000609,p247,JARABE TROPICAL BLUE REYTHOR 1L,6.0,26.52,UD,4.42,MILO CANARIAS ALIMENTACION,2
C00000610,p248,JARABE GRANADINA REYTHOR 1L,3.0,14.22,UD,4.74,GRISALEÑA SL,1
C00000614,p249,MINI CROISSANT RECTO MANTQUILLA 280UN,1560.0,314.34,UD,0.2015,DISTRIBUCIONES VIERA SL,1
C00000616,p250,MINI LAZO VITALCEREAL 194UD 18GRS,1358.0,301.49,UD,0.22201,DISTRIBUCIONES VIERA SL,15
C00000618,p251,MINI NAPOLITANA CACAO CREMA 100UND,736.0,117.4,UD,0.159511,DISTRIBUCIONES VIERA SL,1
C00000678,p254,ARTIS MALTA 100GRS 30UD,150.0,94.05,UD,0.627,DISTRIBUCIONES VIERA SL,0
C00000732,p257,ROYAL BLISS YUZ VR20 C24,144.0,56.81,UD,0.394514,COCA-COLA,1
C00000733,b56,COCACOLA VR237 C24,216.0,67.76,UD,0.313704,COCA-COLA,1
C00000734,b57,FANTA NARANJA VR237 C24,144.0,32.93,UD,0.228681,COCA-COLA,1
C00000735,b58,COCACOLA ZERO VR237 C24,192.0,96.88,UD,0.504583,COCA-COLA,1
C00000741,p259,AQUABONA VR50 C20,820.0,183.03,UD,0.223207,COCA-COLA,1
C00000742,p260,AQUABONA SINGULAR VR365 C20,60.0,11.4,UD,0.19,COCA-COLA,1
C00000752,p264,AQUABONA PET50 C24,1824.0,337.5,UD,0.185033,COCA-COLA,1
C00000763,p266,"CAFE ILLY EN GRANO TUESTE INTENSO LATA 1,5KG",54.0,2344.2,KG,43.411111,ILLY CANARIAS SL,1
C00000776,p267,CAFE ILLY CAPSULA TUESTE INTENSO PACK INDIVIDUAL,1600.0,951.6,UD,0.59475,ILLY CANARIAS SL,1
C00001027,p272,BROCOLI,2.0,3.5,UD,1.75,MERCADONA SA,1
C00001083,b62,"SPRITE PET1,5L C8",16.0,21.2,UD,1.325,COCA-COLA,1
C00001113,p276,PAN MONTAÑEZ CENTENO 20UD 320G,184.0,196.74,UD,1.069239,DISTRIBUCIONES VIERA SL,35
C00001139,p282,NECTAR CRANBERRY ( ARANDANOS ) 1L,48.0,104.64,UD,2.18,COMESA LANZAROTE SLU,1
C00001144,p284,NUEZ MONDADA PAQ 1KG,9.0,100.32,KG,11.146667,EMICELA SA,1
C00001145,p285,ACEITUNAS S/H,4.0,27.96,UD,6.99,CAFE ORTEA SA,1
C00001146,p286,ALUBIA CON TOMATE LATA 3KG,42.0,251.58,UD,5.99,DISTRIBUCIONES TIERNEY SL,12
C00001149,p288,JOHNNIE WALKER ETIQUETA NEGRA 1L,1.0,12.9,UD,12.9,GRISALEÑA SL,1
C00001163,p290,SOLOMILLO TERNERA,6.658,187.88,KG,28.218684,CANARY MEAT AND FISH S.A.,1
C00001174,p291,RISSO CESAR,6.0,50.8,UD,8.466667,COMESA LANZAROTE SLU,1
C00001178,p293,CIINTA DE LOMO DE CERDO TIERNO,2.48,21.17,KG,8.53629,MERCADONA SA,1
C00001179,p294,CHIC CREMA 325UN 20GRS,325.0,42.9,UD,0.132,DISTRIBUCIONES VIERA SL,7
C00001197,p295,PECHUGA PAVO,3.802,31.28,KG,8.227249,ARGAL ALIMENTACION SA,0
C00001199,p297,QUESO PARMESANO,2.0,8.96,KG,4.48,PROVEEDORES VARIOS,0
C00001202,p300,BACON AHUMADO,55.595,391.46,KG,7.041281,SMOKEHOUSE CANARIAS SLU,1
C00001205,b64,COLA CAO 50 SOBRES 18GR,50.0,23.03,UD,0.4606,COMESA LANZAROTE SLU,1
C00001206,p303,PAPAS FRITAS LISA 6X500GRS,24.0,112.3,UD,4.679167,COMESA LANZAROTE SLU,1
C00001207,b65,MANISES FRITOS SAL 1KG,14.0,63.76,KG,4.554286,CAFE ORTEA SA,1
C00001211,p306,FRESAS NATURALES,26.0,72.65,KG,2.794231,HORTOFRUTICOLA ALTAVISTA,1
C00001215,p309,UVA BLANCA,2.0,9.2,KG,4.6,HORTOFRUTICOLA ALTAVISTA,1
C00001220,p313,"GALLETA ACARAMELADA 5,6GRS 300UD",301.0,22.22,UD,0.073821,COMESA LANZAROTE SLU,1
C00001221,p314,MINI HOOPS AZUCAR 35GRS 80UND,80.0,224.0,UD,2.8,DISTRIBUCIONES VIERA SL,0
C00001224,p317,MERMELADA DE TOMATE 140GRS,2.0,4.8,UD,2.4,PROVEEDORES VARIOS,1
C00001232,p319,GARBANZOS COCIDOS 3KG,6.0,18.0,KG,3.0,COMESA LANZAROTE SLU,1
C00001242,p325,QUESO SEMI BLANCO VALSEQUILLO,1.44,12.24,KG,8.5,QUESO FLOR VALSEQUILLO,0
C00001244,p326,QUESO CURADO VALSEQUILLO,8.97,101.2,KG,11.282051,QUESO FLOR VALSEQUILLO,0
C00001246,p328,QUESO SEMI ROJO,6.82,57.97,KG,8.5,QUESO FLOR VALSEQUILLO,0
C00001252,p333,SMOOTHIE PALM BEACH MANGO/BANANA,20.0,21.4,UD,1.07,DISTRIBUCIONES VIERA SL,12
C00001253,p334,SMOOTHIE TROPIC,20.0,23.0,UD,1.15,DISTRIBUCIONES VIERA SL,9
C00001254,p335,SMOOTIE GREEN NATURAL 150,64.0,110.39,UD,1.724844,FRONERI IBERIA SLU,1
C00001255,p336,SMOOTHIES B2 CERE-MAN-FRE-ARAN,60.0,67.4,UD,1.123333,DISTRIBUCIONES VIERA SL,1
C00001256,p337,COSTILLAS CERDO,10.458,70.26,KG,6.718302,MERCADONA SA,0
C00001257,p338,ACEITE SIN PALMA 10LT,14.0,381.22,LT,27.23,ALCRUZ CANARIAS S.L.,1
C00001260,p340,SOLES CACAO MINI 30GRS 80UD,80.0,192.0,UD,2.4,DISTRIBUCIONES VIERA SL,0
C00001262,p341,MERMELADA ARANDANOS,180.0,42.89,UD,0.238278,COMESA LANZAROTE SLU,1
C00001263,p342,MERMELADA FRESA CRISTAL 48UD,432.0,193.86,UD,0.44875,COMESA LANZAROTE SLU,1
C00001265,p343,PANECILLO CHEF 25GRS 150UND,600.0,138.6,UD,0.231,DISTRIBUCIONES VIERA SL,1
C00001266,p344,MIEL TARRO CRISTAL 30GR 48UN,672.0,441.99,UD,0.657723,COMESA LANZAROTE SLU,1
C00001267,p345,MERMELADA NARANJA TARRO CRISTAL 30GRS 48UD,432.0,193.86,UD,0.44875,COMESA LANZAROTE SLU,1
C00001273,p348,ANGUS CARNE,1.947,38.98,KG,20.020544,CANARY MEAT AND FISH S.A.,0
C00001279,p351,KAKI,6.0,21.0,KG,3.5,HORTOFRUTICOLA ALTAVISTA,0
C00001302,b76,NATA KRONA PASTELERIA 1L,1.0,1.6,UD,1.6,MERCADONA SA,0
C00001340,p354,SMOOTHIE B4 BLUE LIGHTNING,20.0,21.4,UD,1.07,DISTRIBUCIONES VIERA SL,1
C00001344,p357,PAN MAIZ 350GRS BERLYS 10UN,140.0,273.42,UD,1.953,COMERCIAL GUADALUPE,19
C00001347,p358,CENTRO PALETA CEBO IBERICA 50% RAZA,18.07,691.94,KG,38.292197,ROPER  FRIMANCHA CANARIAS,9
C00001353,p359,HIGOS PREMIUN CAJA 5KG,1.0,19.01,KG,19.01,EMICELA SA,0
C00001355,p361,MERMELADA MELOCOTON CRISTAL 48UN,168.0,75.39,UD,0.44875,COMESA LANZAROTE SLU,1
C00001367,p365,CABEZON CABELLO 232UD 28GR,928.0,150.32,UD,0.161983,DISTRIBUCIONES VIERA SL,1
C00001373,p366,NAO MARINERA 33CL,240.0,492.0,UD,2.05,CERVEZA DE LANZAROTE SL,1
C00001387,p368,MEJILLON JUGOSON,1.0,6.45,KG,6.45,PROVEEDORES VARIOS,1
C00001393,p373,ALMEJAS BLANCAS 60/80,0.47,2.0,KG,4.255319,PROVEEDORES VARIOS,1
C00001404,p374,SECRETO IBERICO CEBO DE CAMPO,5.675,67.63,KG,11.917181,MERCADONA SA,0
C00001405,p375,CHORIZO CANARIO ROJO,2.142,13.79,KG,6.437908,PROVEEDORES VARIOS,0
C00001406,p376,SALCHICHA FRANKFURT SELECTA 60 GRS,3.0,26.25,KG,8.75,GM LANZAROTE,0
C00001420,b80,VODKA ABSOLUT,9.0,131.16,UD,14.573333,GRISALEÑA SL,1
C00001421,b81,GINEBRA BLACK JUNIPER,5.0,24.95,UD,4.99,GRISALEÑA SL,1
C00001431,p382,CHORIZO CRIOLLO FRESCO,0.404,3.51,KG,8.688119,CANARY MEAT AND FISH S.A.,0
C00001432,p383,SALMOREJO FRESCO,8.0,10.4,UD,1.3,MERCADONA SA,0
C00001436,p386,BOLA DE PIZZA,2.0,7.82,KG,3.91,PROVEEDORES VARIOS,0
C00001437,p387,PATE JAMÓN CURADO 23GRS,90.0,22.5,UD,0.25,MILO CANARIAS ALIMENTACION,1
C00001439,p389,TOMATE NATURAL 23GRS,180.0,34.2,UD,0.19,MILO CANARIAS ALIMENTACION,1
C00001449,p392,PAPAS S.CRUNCH PURE & ROSTIC,44.0,253.77,UD,5.7675,DISTRIBUCIONES VIERA SL,1
C00001461,p395,CEREZA ROJA CONFITADA CUBO 1KG,2.0,17.27,KG,8.635,EMICELA SA,1
C00001480,p399,BARRIL NAO MARINERA 20LT,31.0,2573.63,UD,83.020323,CERVEZA DE LANZAROTE SL,1
C00001485,p400,ENTRECOT DE NOVILLO / BIFE,1.316,22.34,KG,16.975684,CANARY MEAT AND FISH S.A.,1
C00001488,b83,FANTA LIMON LATA,24.0,0.53,UD,0.022083,COCA-COLA,8
C00001514,p402,PATA ASADA,0.434,6.2,KG,14.285714,PROVEEDORES VARIOS,0
C00001520,p405,"FRUTAS DEL BOSQUE 4X2,5KG",30.0,130.2,UD,4.34,ALCRUZ CANARIAS S.L.,1
C00001527,p407,MAIZ DULCE 300GRS,3.0,3.51,UD,1.17,COMESA LANZAROTE SLU,1
C00001544,p413,CEREZA VERDE EN ALMIBAR DE 1KG,2.0,17.27,UD,8.635,EMICELA SA,1
C00001665,p416,GAMBON Nº1,6.0,70.8,KG,11.8,CANARY MEAT AND FISH S.A.,1
