producto_id,codigo,nombre,unidad,stock,coste_unitario_eur,motivo_coste,categoria,es_bebida
p305,C00001210,ACEITE DE FREIR 100% VEGETAL 20L,L,0,,sin_lotes,105,False
p212,C00000524,ACEITE EXT VIRGEN ESENCIA AJO 250ML,Ud,1.0,3.46,fifo,105,False
p211,C00000523,ACEITE EXT VIRGEN ESENCIA ROMERO 250ML,Ud,0,,sin_lotes,105,False
p213,C00000525,ACEITE EXT VIRGEN ESENCIA TRUFA 250ML,Ud,1.0,4.04,fifo,105,False
p279,C00001136,ACEITE SESAMO 100% 500ML,Ud,1.0,7.13,fifo,106,False
p95,C00000147,ACEITE V.EXTRA 100UND,Ud,330.0,0.107818,fifo,106,False
b25,C00000302,AGUA MANANTIAL PET 50CL,Ud,9.0,0.735556,fifo,104,True
b69,C00001229,AGUACATE CUBO CONGELADO,Ud,1.0,5.99,fifo,106,False
p155,C00000323,AJO MOLIDO 710GRS,Ud,0,,sin_lotes,105,False
p330,C00001249,ALBAHACA,Ud,0,,sin_lotes,105,False
p84,C00000129,ALBARICOQUE,Kg,3.0,1.1,fifo,105,False
p378,C00001408,ALBONDIGAS CONG BOLSA,Kg,0,,sin_lotes,101,False
p318,C00001225,ALIOLI 252X10GRS,Ud,232.0,0.106552,fifo,105,False
p269,C00000928,ALUBIA BLANCA 1KG,Ud,0,,sin_lotes,101,False
b17,C00000289,AMARETTO DISARONNO 1L,Ud,0,,sin_lotes,104,True
p414,C00001553,APIO BLANCO BOLSA,Ud,1.0,1.7,fifo,105,False
p265,C00000753,AQUABONA SINGULAR PET50 C12,Ud,42.0,0.128986,fifo,104,True
p262,C00000749,ARANDANOS,Ud,0,,sin_lotes,105,False
p03,C00000002,ARTIS MINI CHAPATA 40GRS 160UD,Ud,0.0,2.5,ultimo_lote,106,False
p223,C00000536,"AZUCAR GLASS 2,5KG",Kg,1.0,5.75,fifo,105,False
p252,C00000620,BAGUETTINA 120GRS 66UN,Ud,149.697,2.5,fifo,102,False
p136,C00000278,BAILYS ORIGINAL 17º,Ud,3.0,14.3,fifo,104,True
p394,C00001459,BANDA TIRAMISU,Ud,7.0,12.615714,fifo,105,False
p406,C00001525,"BANDERILLAS GALON 4,2KG",Ud,0,,sin_lotes,101,False
b66,C00001209,BEBIDA DE ALMENDRA 1L,Ud,5.0,2.0,fifo,106,False
b10,C00000265,BEBIDA DE SOJA BRIK 1L,Ud,8.0,2.7675,fifo,106,False
p193,C00000483,BIENMESABE 1KG,Kg,0,,sin_lotes,108,False
p270,C00000995,BOLSA BOCADILLO 40UD,Ud,40.0,0.03725,fifo,101,False
p398,C00001479,BOMBONA GAS 12KG,Ud,7.0,48.54,fifo,104,True
p27,C00000048,bowl oval vinci,Ud,2.0,1.715,fifo,101,False
b50,C00000596,BRANDY JEREZ CARLOS I 40º,Ud,1.0,24.1,fifo,104,True
b52,C00000603,BRANDY JEREZ RVA MAGNO 70CL,Ud,0,,sin_lotes,104,True
p332,C00001251,BRIOCHE 4X24 SPECIAL,Ud,0.0,2.5,ultimo_lote,103,False
p278,C00001135,CACAO TAZA S/GLUTEN,Ud,0,,sin_lotes,106,False
p292,C00001177,CALAMAR SAH,Kg,7.8,15.4275,fifo,105,False
p268,C00000814,CALDO COCIDO,Ud,2.0,0.9,fifo,105,False
p271,C00001008,CALDO PAELLA / MARISCO,Ud,1.0,1.9,fifo,105,False
p370,C00001389,CALDO SOLUBLE PESCADO 1KG,Ud,7.0,1.0,fifo,105,False
p242,C00000598,CAMPARI 25º 1L,Ud,3.0,14.05,fifo,104,True
p412,C00001543,CARNE DE PRIMERA,Kg,0,,sin_lotes,101,False
p132,C0000027,CARNE VACA,Kg,0,,sin_lotes,101,False
p233,C00000553,CAYENA GUINDILLA ENTERA 160GRS,Ud,0,,sin_lotes,105,False
p178,C00000362,CEBOLLINO,Ud,0,,sin_lotes,105,False
p104,C00000166,CERDO AGUJA,Kg,0,,sin_lotes,105,False
b85,C00001552,CERVEZA CORONITA MINI,Ud,0.0,2.5,ultimo_lote,104,True
b63,C00001173,CERVEZA VOLL DAM BOT 25CL,Ud,0,,sin_lotes,104,True
b44,C00000572,CHAMPAGNE PIPER HEIDSIECK BRUT CUVEE 750CC,Ud,22.0,29.308636,fifo,104,True
b45,C00000573,CHAMPAGNE PIPER HEIDSIECK ROSE SAUVAGE 750CC,Ud,28.0,31.825357,fifo,104,True
p255,C00000695,CHEDDAR CHEESE SAUCE,Ud,0,,sin_lotes,105,False
p256,C00000726,CHEDDAR LONCHAS,Ud,0,,sin_lotes,105,False
p324,C00001240,CHESSECAKE KORFEST,Ud,0,,sin_lotes,101,False
p289,C00001150,CHISTORRA ROJA FRESCA,Ud,0,,sin_lotes,105,False
p379,C00001409,CHULETERO TERNERA FRESCO CORTADO,Kg,0,,sin_lotes,105,False
p307,C00001212,CIRUELA AMARILLA,Kg,0,,sin_lotes,106,False
p281,C00001138,CIRUELA DESECADA S/HUESO 50/60 10KG,Kg,0,,sin_lotes,105,False
p82,C00000127,CIRUELA ROJA,Kg,0,,sin_lotes,106,False
b59,C00001080,COCACOLA LATA 33 C24,Ud,71.0,0.137913,fifo,104,True
b60,C00001081,COCACOLA ZERO LATA 33 C24,Ud,99.0,0.634865,fifo,104,True
p304,C00001208,COCTEL DE FRUTAS EN ALMIBAR 3KG,Ud,2.0,2.5,fifo,106,False
p139,C00000283,CODORNIU PRIMA VIDES B 75CL,Ud,53.0,5.82,fifo,104,True
p311,C00001217,COGOLLO UND,Ud,0,,sin_lotes,106,False
b08,C00000160,COLA DE RAPE,Ud,1.0,4.76,fifo,105,False
p232,C00000552,COMINO MOLIDO 810GRS,Ud,0,,sin_lotes,105,False
p153,C0000032,CONFITURA FRESA CRISTAL 30 GRS/CJ 48UDS,Ud,0,,sin_lotes,106,False
p162,C0000033,CONFITURA MELOCOTON CRISTAL 30GRS/CJ 48UD,Ud,0,,sin_lotes,106,False
p176,C0000036,CONFITURA NARANJA CRISTAL 30GRS/CJ 48 UD,Ud,0,,sin_lotes,106,False
p188,C00000387,COPOS AVENA,Ud,0,,sin_lotes,101,False
p253,C00000621,CREMA AFILADOR ORUJO 70CL,Ud,0,,sin_lotes,104,True
p226,C00000539,CREMA VINAGRE BALSAMICO MODENA 380GRS,Ud,4.9737,1.766,fifo,105,False
p372,C00001391,CROISSANT S/G 30GRS 30 UND,Ud,0,,sin_lotes,102,False
p299,C00001201,CROQUETA DE BOLETUS 1KG,Kg,0,,sin_lotes,105,False
p377,C00001407,CROQUETAS DE POLLO,Kg,0,,sin_lotes,101,False
p298,C00001200,CROQUTA DE JAMON IBERICO 1KG,Kg,2.04,12.193333,fifo,105,False
p321,C00001236,CRUMBLE APPLE PIE 12 PORCIONES,Ud,0,,sin_lotes,106,False
p353,C00001300,CUAJADA ROYAL 48GRS,Ud,0,,sin_lotes,105,False
p315,C00001222,CURRY MOLIDO BOTE 1000GRS,Ud,0,,sin_lotes,105,False
p380,C00001422,CV ARS COLLECTA BLANC D BLANCS,Ud,0,,sin_lotes,104,True
p381,C00001423,CV ARS COLLECTA GRAND ROSE,Ud,0,,sin_lotes,104,True
p356,C00001343,DIAMANTE SEMILLAS 55GRS 110UD,Ud,85.0,0.306,fifo,102,False
p106,C00000234,EL GRIFO MALVASIA SECO COLECCIÓN 75CL,Ud,41.0,14.109524,fifo,104,True
p186,C00000372,EL GRIFO ROSADO DE LAGRIMA 2021,Ud,0,,sin_lotes,104,True
p85,C00000130,ESCAROLA,Kg,2.0,1.2,fifo,105,False
p320,C00001234,ESPECIERO REPOSTERIA,Ud,0,,sin_lotes,106,False
b61,C00001082,FANTA NARANJA LATA33 C24,Ud,158.0,0.332515,fifo,104,True
p385,C00001435,FLORES COMESTIBLES,Kg,0,,sin_lotes,101,False
p23,C00000042,FRIJOLES NEGRO 1KG,Ud,4.0,2.46,fifo,101,False
p367,C00001375,"FRUSTAS DEL BOSQUE 4*2,5KG",Kg,0,,sin_lotes,101,False
b77,C00001336,GALLETAS AGUA SERRANITA 30UN,Ud,0,,sin_lotes,105,False
p129,C00000267,GALLETAS MARIA 250UND X20GRS,Ud,218.0,0.065183,fifo,106,False
p53,C00000090,GALLINA BLANCA SALSA CHAMPIÑONES,Ud,0,,sin_lotes,105,False
p216,C00000529,GALLINA BLANCA SALSA PIMIENTA,Ud,0,,sin_lotes,105,False
b78,C00001370,GINEBRA BEEFEATER 1L,Ud,6.84,13.99,fifo,104,True
b73,C00001261,GINEBRA PUERTO DE INDIAS FRESA,Ud,1.0,15.95,fifo,104,True
p415,C00001554,GRANADAS GRANDES EXTRA,Ud,0,,sin_lotes,106,False
p110,C0000024,GROSELLA BANDEJA,Ud,0,,sin_lotes,105,False
p15,C00000029,GUACAMOLE 12X1KG,Kg,4.7,8.246,fifo,105,False
p239,C00000590,"GUISANTES 4X2,5KG",Kg,0,,sin_lotes,101,False
p10,C00000023,HAMBURGUESA RUSTICA 60 GRS,Ud,7.0,2.85,fifo,103,False
p151,C00000315,HAMBURGUESA SABROSA 150GR,Kg,8.0,9.35,fifo,105,False
p1,,Harina,Kg,5.75,1.0,fifo,,False
p2,,Huevo,Ud,15.0,0.1,fifo,,False
p346,C00001268,INSTANT GRAVY 2KG,Kg,1.0,6.25,fifo,105,False
b21,C00000294,JACK DANIELS WHISKY 1L,Ud,0,,sin_lotes,104,True
p243,C00000600,JAGERMEISTER 35º 1L,Ud,0,,sin_lotes,104,True
p263,C00000750,JALAPEÑOS EN RODAJA 3LTR,Ud,0,,sin_lotes,101,False
p283,C00001143,JAMOCINTOS DE POLLO,Kg,0,,sin_lotes,101,False
b03,C00000063,KAHLUA LICOR DE CAFE,Ud,0.9143,16.91,fifo,104,True
p352,C00001299,KETCHUP 2KG SERHOS,Ud,0,,sin_lotes,105,False
p362,C00001356,KETCHUP CRISTAL HERO 48UND,Ud,27.0,0.634815,fifo,105,False
p384,C00001434,LASAÑA BOLOÑESA,Kg,0,,sin_lotes,101,False
p219,C00000532,LAUREL HOJA 120GRS,Ud,0,,sin_lotes,105,False
p409,C00001537,LECHE DE COCO,Ud,0.33,2.5,fifo,101,False
p181,C00000366,LECHUGA ROMANA,Ud,0.6375,2.5,fifo,105,False
b82,C00001424,LICOR DE HIERBAS XANT,Ud,1.0,0.01,fifo,104,True
b15,C00000287,LICOR RUAVIEJA HIERBAS 30º 70CL,Ud,0,,sin_lotes,104,True
b79,C00001410,LICOR VODKA CARAMELO ARTEMI,Ud,2.0,5.59,fifo,104,True
p227,C00000541,LINGUINE,Ud,0,,sin_lotes,101,False
p35,C00000060,LOMO SALMON S/P 2X125GR,Ud,0,,sin_lotes,105,False
p371,C00001390,MAGDALENAS S/G 2X24 35GRS,Ud,16.0,0.881875,fifo,102,False
p221,C00000534,MAIZENA EXPRESS CLARA 1KG,Kg,1.0,13.96,fifo,105,False
p308,C00001214,MANGA,Kg,0,,sin_lotes,106,False
p79,C00000124,MANZANA RED CHIEF,Kg,0,,sin_lotes,106,False
p93,C00000145,MANZANILLA C/F BAND 200 UND,Ud,200.0,0.0229,fifo,106,False
p244,C00000601,MARIA BRIZARD 25º 1L,Ud,0,,sin_lotes,104,True
p196,C00000502,MARTINI BIANCO 1L,Ud,3.0,7.08,fifo,104,True
p316,C00001223,MARTINI DRY SECO 1L,Ud,2.0,7.85,fifo,104,True
p197,C00000503,MARTINI ROSSO 1L,Ud,0.64,7.75,fifo,104,True
p360,C00001354,MAYONESSA HEINZ TARRO CRISTAL 80UND,Ud,168.0,0.761071,fifo,105,False
p190,C00000470,MELOCOTON,Kg,0,,sin_lotes,106,False
p182,C00000367,MENTA,Ud,47.9,0.0226,fifo,105,False
p339,C00001258,MENTA POLEO 4X25,Ud,650.0,0.0312,fifo,104,True
p331,C00001250,MILLO COCIDO,Kg,0,,sin_lotes,105,False
p355,C00001341,MINI BERLINA CACAO,Ud,0,,sin_lotes,102,False
p404,C00001519,MINI BERRIBERLYS 55GRS 65UND,Ud,0,,sin_lotes,102,False
p235,C00000558,MONTECILLO RESERVA 75CL,Ud,31.0,8.236774,fifo,104,True
p65,C00000106,MORA,Ud,0,,sin_lotes,105,False
p225,C00000538,MOSTAZA DIJON 215GRS,Ud,0,,sin_lotes,105,False
p98,C00000151,MOSTAZA GOURMENT 6G 200 UND,Ud,233.0,0.062446,fifo,105,False
p329,C00001247,MOZZ BUFALA ZANETTI 125G,Kg,0,,sin_lotes,106,False
b75,C00001301,NATA KRONA ORIC BRICK 1L,Ud,0,,sin_lotes,105,False
p287,C00001148,NATA VEGETAL S/AZUCAR 35% MG BRIK 1L,L,0,,sin_lotes,105,False
p391,C00001448,NECTAR 10 FRUTAS,Ud,0,,sin_lotes,106,False
p202,C00000512,NECTAR DE LIMON CRISTAL 850ML,Ud,17.0,1.464706,fifo,104,True
p258,C00000736,NESTEE MANGO PIÑA,Ud,13.0,0.99,fifo,104,True
p217,C00000530,OREGANO BOTE 160GRS,Ud,0,,sin_lotes,105,False
p302,C00001204,OREJONES DE ALBARICOQUE BOLSA 1KG,Kg,0,,sin_lotes,106,False
p350,C00001276,ORO BAILEN ARBEQUINA 250ML,Ud,24.0,7.35,fifo,105,False
p390,C00001445,ORO BAILEN HOJIBLANCA 250ML,Ud,0,,sin_lotes,105,False
p349,C00001275,ORO BAILEN PICUAL 250ML,Ud,97.0,10.118351,fifo,105,False
p408,C00001531,PAN HAMBURGUESA ESPECIAL,Ud,18.0,0.318889,fifo,103,False
b67,C00001213,PARAGUAYO,Kg,0,,sin_lotes,106,False
p322,C00001237,PASSION CARROT CAKE 16 PORCIONES,Ud,0,,sin_lotes,106,False
p393,C00001451,PATE IBERICO A LA PIMIENTA 23GRS,Ud,0,,sin_lotes,106,False
p364,C00001360,PECHUGA DE PAVO BRASEADA,Kg,0,,sin_lotes,106,False
p363,C00001359,PECHUGA DE POLLO BRASEADA,Kg,0,,sin_lotes,106,False
p280,C00001137,"PEPINILLO VINAGRE EMICELA 4,2KG",Kg,0,,sin_lotes,105,False
p401,C00001492,PHILADELPHIA NATURAL,Ud,0,,sin_lotes,101,False
p154,C00000322,PIMENTON PICANTE EXTRA 910GRS,Ud,0,,sin_lotes,105,False
p220,C00000533,PIMIENTA BLANCA MOLIDA 910GRS,Ud,0,,sin_lotes,105,False
p159,C00000327,PIMIENTA NEGRA MOLIDA 1000X2GRS MONODOSIS,Ud,0,,sin_lotes,105,False
p120,C00000251,PIMIENTA NEGRA MOLIDA 910GRS,Ud,0,,sin_lotes,105,False
p179,C00000363,PIMIENTA ROJA PICANTE CHILE,Kg,0,,sin_lotes,105,False
b72,C00001248,PIMIENTO PADRON,Kg,0,,sin_lotes,105,False
p410,C00001539,POSTRES HYP,Ud,0,,sin_lotes,105,False
p183,C00000368,PUERROS,Kg,1.0,1.93,fifo,105,False
p323,C00001238,PULLED PORK NATURAL,Ud,0,,sin_lotes,,False
p273,C00001077,PUNTO VERDE,Ud,8.0,1.9925,fifo,104,True
p137,C00000281,PUREE FRESA MONIN 1L,Ud,2.0,16.865,fifo,104,True
p327,C00001245,QUESO ARTESANO BLANCO,Kg,0,,sin_lotes,106,False
p301,C00001203,QUESO CABRA,Kg,0,,sin_lotes,105,False
p296,C00001198,QUESO CASTELLANO MEZCLA,Kg,0,,sin_lotes,106,False
p169,C00000349,QUESO EMMENTAL LONCHAS,Kg,-0.05,12.5,ultimo_lote,106,False
p171,C00000352,QUESO RALLADO FUNDIR,Kg,0,,sin_lotes,106,False
p107,C00000236,RIOJA TINTO MONTECILLO CZA 750CC,Ud,1.0,4.17,fifo,104,True
b33,C00000493,RON AREHUCAS CARTA ORO 1L,Ud,6.0,10.053333,fifo,104,True
b24,C00000301,RON AREHUCAS RVA ESPEC 18 AÑOS,Ud,0,,sin_lotes,104,True
b46,C00000574,RON AÑEJO CLASICO 5 FLOR CAÑA 700CC,Ud,3.0,11.8,fifo,104,True
b30,C00000487,RON CARTA BLANCA BACARDI BOT 5CL,Ud,50.0,1.1,fifo,104,True
b47,C00000575,RON GRAN RESERVA 7 FLOR DE CAÑA 700CC,Ud,0,,sin_lotes,104,True
b23,C00000299,RON HAVANA CLUB 7A 70CL,Ud,1.0,20.78,fifo,104,True
b19,C00000292,RON MIEL INDIAS 1L,Ud,3.0,8.016667,fifo,104,True
p274,C00001078,ROYAL BLISS BER VR20 C24,Ud,4.0,0.4325,fifo,104,True
p261,C00000743,ROYAL BLISS SOD VNR2 0C24,Ud,96.06,0.45254,fifo,104,True
p275,C00001084,ROYAL BLISS YUZU ZERO VR20 C24,Ud,36.0,0.588333,fifo,104,True
p312,C00001218,RUSTICO MALTEADO 500GRS 15UD,Ud,110.0,0.807091,fifo,102,False
p119,C00000249,SAL MARINA GRUESA 1KG,Ud,3.0,0.343333,fifo,105,False
p158,C00000326,SAL YODADA 1000X1GR MONODOSIS,Ud,700.0,0.003257,fifo,105,False
p108,C00000237,SALSA BRAVA,Ud,2.41,7.2,fifo,105,False
p203,C00000513,SALSA LEA & PERRINS 2L,Ud,4.0,3.215,fifo,105,False
p165,C00000335,SALSA SOJA 1L,Ud,2.78,6.07,fifo,105,False
p147,C0000031,SALSA TERIYAKI SAKURA 1L,Ud,0,,sin_lotes,105,False
p16,C00000030,"SALSA TERIYAKI YUMMYTO 1,8L*6",Ud,0.8057,13.34,fifo,105,False
p198,C00000506,SAMBUCA GIAROLA 70CL,Ud,3.0,6.65,fifo,104,True
p88,C00000138,SAZONADOR NATURAL,Ud,0,,sin_lotes,105,False
p397,C00001472,SIROPE DE CARAMELO,Ud,1.0,2.79,fifo,105,False
p19,C00000036,SIROPE DE VAINILLA,Ud,2.0,4.71,fifo,101,False
p133,C00000272,SIROPE FRESA 1.2KG,Ud,0,,sin_lotes,105,False
p388,C00001438,SOBRASADA IBERICA,Ud,0,,sin_lotes,106,False
b84,C00001489,SPRITE LATA 33,Ud,46.4848,0.483077,fifo,104,True
p396,C00001462,SURTIDO DE CANAPES,Kg,0,,sin_lotes,105,False
p121,C00000252,TABASCO 60ML,Ud,5.0,2.198,fifo,105,False
p277,C00001121,"TANQUERAY 0,0 SIN ALCOHOL",Ud,2.0,12.95,fifo,104,True
p192,C00000472,TE FRUTAS DEL BOSQUE 25,Ud,145.0,0.046276,fifo,106,False
b51,C00000602,TEQUILA JALISCO SILVER 35º 70CL,Ud,0.6288,2.5,fifo,104,True
p142,C00000290,TIA MARIA 1L,Ud,2.0,15.935,fifo,104,True
p22,C00000040,TILA,Ud,84.0,0.031548,fifo,106,False
p195,C00000489,TOALLITA LIMON STD,Ud,1620.0,0.062,fifo,105,False
p230,C00000547,TOMATE TRITURADO 5KG,Kg,0,,sin_lotes,105,False
p218,C00000531,TOMILLO HOJA 310GRS,Ud,0,,sin_lotes,105,False
p369,C00001388,TUBO DE POTA LIMPIO,Kg,0,,sin_lotes,105,False
p310,C00001216,UVAS DE LA SUERTE ( BOLSA ),Ud,0,,sin_lotes,106,False
p411,C00001542,VARIOS ARTICULOS ALIMENTACION,Ud,0,,sin_lotes,105,False
p403,C00001515,VERMU NORDESIA TINTO,Ud,2.0,0.005,fifo,104,True
p21,C00000039,VINAGRE ARROZ DESTILADO 1000 ML,L,3.0,2.066667,fifo,105,False
b74,C00001277,VINAGRE CASA DEL AGUA 250ML,Ud,2.0,2.375,fifo,105,False
b09,C00000260,VINAGRE DE VINO SOBRES 400X10ML,Ud,401.5,0.04005,fifo,105,False
b70,C00001230,VINO ALBARIÑO MAR DE FRADES,Ud,0,,sin_lotes,104,True
b41,C00000549,VINO BLANCO BRIK 1L,Ud,0,,sin_lotes,104,True
b71,C00001243,VINO CEPA 21 TINTO RD,Ud,0,,sin_lotes,104,True
b55,C00000607,VINO EDERRA VERDEJO 75CL,Ud,18.0,5.24,fifo,104,True
b42,C00000550,VINO TINTO BRIK 1L,Ud,0.19,2.5,fifo,104,True
b54,C00000606,VINO VIÑAPEÑA TINTO 3/4,Ud,31.0,1.601935,fifo,104,True
b39,C00000507,VODKA GREY GOOSE 70CL,Ud,2.0,39.115,fifo,104,True
b68,C00001226,VODKA ROBERTO CAVALLI 70CL,Ud,0,,sin_lotes,104,True
b31,C00000488,WHISKY BALLANTINES BOT 5CL,Ud,60.0,1.26,fifo,104,True
b22,C00000295,WHISKY CARDHU 12 AÑOS,Ud,0,,sin_lotes,104,True
p347,C00001272,YORKSHIRE PUDDING 3 INCHES X20,Ud,0,,sin_lotes,105,False
b27,C00000336,ZUMO DE TOMATE 850ML,Ud,0,,sin_lotes,104,True
